DELETE FROM Events;
DELETE FROM Lines;
DELETE FROM Connections;
DELETE FROM Stations;
DELETE FROM Users;
DELETE FROM Games;


INSERT INTO Users (user_id, email, password_hash, salt) VALUES
(1,'admin@studenti.polito.it','6fe0d2ba2cdeaba35f62fa04e462ec18902dd99a0ad41092bd24a92cbf6d5ee2','df11551ee48f3782537940c52294b984'),
(2,'luca@studenti.polito.it','a6808ac7eddfad992b76e3d2a0ba36c37cbe2a06bee4172beaa4a152bc6f1a90','4a8b97ec83d12a21d1b07309b1e7b3c9'),
(3,'professore@studenti.polito.it','6842acaea1b4c029116836d4350dc36138a0d8b44fa6939797d859058ba4aaf0','066f24601444cf041b4ebf497f25d794');


INSERT INTO Events (description, score) VALUES
('Quiet journey', 0),
('Wrong platform', -2),
('Kind passenger gave directions', 1),
('Train arrived immediately', 2),
('Signal failure caused delays', -3),
('Found a forgotten travel voucher', 3),
('Crowded carriage slowed you down', -1),
('Helpful station staff assisted you', 2),
('Missed the connecting train', -2),
('Express service skipped traffic', 3),
('Ticket inspection delayed everyone', -1),
('Lost some coins while rushing', -2),
('A musician brightened your trip', 1),
('Metro line partially suspended', -4),
('You found a dropped coin', 1),
('Unexpected shortcut through the station', 2),
('Escalator out of service', -1),
('Free promotional ticket', 2),
('Train stopped between stations', -3),
('Perfect connection timing', 3),
('Map was hard to read', -1),
('Friendly commuter shared advice', 1),
('Maintenance work on the line', -2),
('Fast boarding', 1),
('Lost your seat to the crowd', -1),
('Lucky transfer with no waiting', 2),
('Service disruption announced', -3),
('Station renovation caused confusion', -2),
('You took the wrong exit', -1),
('Unexpected direct connection', 3),
('Doors malfunctioned briefly', -2),
('You discovered a faster route', 2),
('A station performance lifted morale', 1),
('Severe delay on your line', -4),
('Train was nearly empty', 1),
('Helpful signs guided your route', 1),
('Missed an interchange', -2),
('Free coffee sample in the station', 1),
('Track issue reduced service', -3),
('Quick transfer at interchange', 2),
('Dropped some change', -1),
('Received a travel reward', 2),
('Heavy congestion in station corridors', -2),
('Unexpected train cancellation', -4),
('Found spare coins near a ticket machine', 2),
('Air conditioning was broken', -1),
('You boarded the perfect train', 2),
('Security check caused delay', -1),
('Excellent service throughout the journey', 3),
('Construction work blocked an entrance', -2),
('You got lost inside a large station', -2),
('Train arrived ahead of schedule', 2),
('Friendly passenger shared route tips', 1),
('Temporary line closure', -4),
('Lucky seat available during rush hour', 1),
('Transfer corridor was crowded', -1),
('Found a promotional discount code', 2),
('Unexpected waiting time', -2),
('Smooth ride across multiple lines', 3),
('You forgot which platform to use', -2),
('Staff announced a faster alternative', 2),
('Minor signal issue', -1),
('Excellent transfer timing', 2),
('You accidentally boarded the wrong train', -3),
('Station festival gave free souvenirs', 2),
('Train was delayed by technical issues', -3),
('You found extra coins in your pocket', 1),
('Broken ticket machine caused a queue', -1),
('Fast-moving crowd helped your pace', 1),
('Major service outage', -4),
('A commuter warned you of a delay', 1),
('Train doors closed just in time', 2),
('Unexpected platform change', -1),
('Perfectly synchronized connections', 3),
('Long wait for the next train', -2),
('Helpful map display updated your route', 1),
('You took a longer route by mistake', -2),
('Station staff provided excellent assistance', 2),
('Minor crowding on the train', -1),
('Lucky express train arrived', 3),
('Temporary speed restrictions', -2),
('You recovered some lost coins', 1),
('Confusing announcement over speakers', -1),
('Quick interchange between lines', 2),
('Track maintenance caused delays', -3),
('Found a metro loyalty reward', 2),
('Train skipped a scheduled stop', -2),
('Everything went according to plan', 1),
('A station guide helped you navigate', 1),
('Major power outage on the network', -4),
('Unexpected bonus from a transit promotion', 3),
('Crowded platform slowed boarding', -1),
('Train arrived exactly when needed', 2),
('You missed your stop and had to backtrack', -3),
('Helpful commuter pointed out a shortcut', 2),
('Network operating flawlessly today', 4),
('Severe disruption across multiple lines', -4),
('Lucky streak of perfect transfers', 4),
('You found a valuable transit reward', 4);


INSERT INTO Stations (station_id, name, is_interchange) VALUES
(1, 'Porta Nuova', 1),
(2, 'Re Umberto', 1),
(3, 'Vinzaglio', 1),
(4, 'Porta Susa', 1),
(5, 'XVIII Dicembre', 1),
(6, 'Principi d Acaja', 0),
(7, 'Bernini', 0),
(8, 'Racconigi', 0),
(9, 'Statuto', 1),
(10, 'Castello', 1),
(11, 'Solferino', 0),
(12, 'Vittorio Veneto', 0),
(13, 'Gran Madre', 0),
(14, 'Mole Antonelliana', 0),
(15, 'Carlo Alberto', 0),
(16, 'Palazzo Nuovo', 0),
(17, 'Cairoli', 0),
(18, 'Madama Cristina', 0),
(19, 'Marconi', 0),
(20, 'Dante', 0);

INSERT INTO Lines (line_id, name) VALUES
(1, 'M1'),
(2, 'Line 4'),
(3, 'Line 13'),
(4, 'Line 15'),
(5, 'Line 18');



INSERT INTO Connections (connection_id, line_id, station_u_id, station_v_id) VALUES
(1,1,1,2),
(3,1,2,3),
(5,1,3,4),
(7,1,4,5),
(9,1,5,6),
(11,1,6,7),
(13,1,7,8),

(15,2,5,9),
(17,2,9,10),
(19,2,10,12),
(21,2,12,13),

(23,3,4,11),
(25,3,11,10),
(27,3,10,14),
(29,3,14,13),

(31,4,1,15),
(33,4,15,10),
(35,4,10,16),
(37,4,16,17),

(39,5,20,19),
(41,5,19,18),
(43,5,18,1),
(45,5,1,2),
(47,5,2,10);


INSERT INTO Games (game_id, user_id, start_station_id, destination_station_id, score, won, played_at) VALUES
(1, 1, 1, 13, 12, 1, '2026-05-20 09:15:00'),
(2, 1, 4, 17, 8, 1, '2026-05-21 14:30:00'),
(3, 1, 20, 8, 0, 0, '2026-05-22 18:10:00'),

(4, 2, 1, 10, 5, 1, '2026-05-23 08:45:00'),
(5, 2, 2, 14, 10, 1, '2026-05-23 17:20:00'),
(6, 2, 7, 13, 0, 0, '2026-05-24 11:05:00'),
(7, 2, 15, 18, 7, 1, '2026-05-25 16:40:00'),
(8, 2, 3, 20, 0, 0, '2026-05-26 13:15:00'),

(9, 3, 5, 12, 9, 1, '2026-05-27 10:25:00'),
(10, 3, 11, 2, 4, 1, '2026-05-27 19:00:00'),
(11, 3, 6, 17, 0, 0, '2026-05-28 07:50:00'),

(12, 1, 8, 14, 15, 1, '2026-05-29 12:35:00'),
(13, 2, 19, 4, 6, 1, '2026-05-30 09:55:00'),
(14, 3, 16, 13, 0, 0, '2026-05-30 20:10:00'),

(15, 1, 18, 10, 11, 1, '2026-05-31 15:45:00'),
(16, 2, 9, 1, 3, 1, '2026-06-01 08:20:00'),
(17, 3, 12, 7, 0, 0, '2026-06-01 18:30:00'),

(18, 1, 15, 20, 2, 0, '2026-06-02 11:00:00'),
(19, 2, 4, 13, 13, 1, '2026-06-03 14:50:00'),
(20, 3, 2, 16, 7, 1, '2026-06-04 09:40:00');